id	ESMFold_plddt_aa	ESMFold_plddt_ca	AF3_plddt_aa	AF3_plddt_ca	tmscore
DSM_0152213866	71.19	75.32	37.89	40.08	0.2596
DSM_0007382682	76.23	81.64	38.61	41.7	0.2722
DSM_0051342538	76.33	80.87	35.99	38.91	0.2781
DSM_0137852297	76.92	80.16	36.43	39.31	0.3081
DSM_0408545933	74.12	78.67	48.81	51.76	0.3213
DSM_0111423707	81.88	84.26	60.59	63.19	0.356
DSM_0107245609	77.36	82.08	68.13	72.77	0.3691
DSM_0130287329	74.19	80.31	40.79	44.28	0.3759
DSM_0344082539	78.53	83.99	60.25	63.54	0.4149
DSM_0309163464	85.04	88.07	79.54	83.02	0.4225
DSM_0204189356	78.34	81.6	76.4	80.6	0.4438
DSM_0066080496	82.57	85.94	73.99	78.13	0.4641
DSM_0015166093	75.61	78.79	52.63	55.38	0.478
DSM_0495676492	83.39	88.93	50.14	53.84	0.4815
DSM_0065873401	72.22	76.22	56.91	60.32	0.4938
DSM_0493924628	78.52	83.44	64.1	67.78	0.5019
DSM_0136206771	72.74	76.3	73.53	76.57	0.517
DSM_0149970336	92.7	95.26	86.36	90.45	0.5349
DSM_0400384262	71.86	75.1	57.1	60.99	0.5574
DSM_0159756228	78.12	81.46	81.28	84.51	0.5672
DSM_0336535127	79.73	82.55	81.46	84.51	0.5896
DSM_0495564419	75.35	80.29	61.23	66.09	0.5943
DSM_0448548216	84.85	87.71	80.45	84.31	0.5962
DSM_0432672244	84.83	87.82	88.03	91.02	0.6016
DSM_0039998975	90.56	93.42	87.89	91.32	0.6042
DSM_0196454343	85.85	88.6	80.01	83.9	0.6135
DSM_0004660805	80.08	83.31	83.13	86.67	0.6194
DSM_0172350599	76.18	80.07	65.49	68.71	0.6197
DSM_0435473160	86.55	89.35	78.95	82.46	0.6206
DSM_0194884640	91.75	94.19	83.1	85.52	0.6228
DSM_0051485542	89.39	92.21	86.93	90.59	0.6243
DSM_0384627497	80.36	85.43	82.38	85.96	0.626
DSM_0048792633	84.08	87.12	80.54	82.8	0.6346
DSM_0261291082	92.65	95.14	82.34	85.95	0.6376
DSM_0011759840	78.22	82.25	78.39	83.08	0.6403
DSM_0501520291	80.27	83.64	88.94	92.6	0.6434
DSM_0432537390	82.92	86.24	78.09	81.69	0.6442
DSM_0201156720	75.33	78.5	68.66	71.93	0.6467
DSM_0397893106	92.92	95.17	85.62	88.65	0.6494
DSM_0431534378	85.16	88.34	82.05	86.1	0.6498
DSM_0435904389	81.17	84.79	85.16	88.11	0.6569
DSM_0311356495	83.36	86.6	76.91	80.63	0.6602
DSM_0480275188	84.21	87.49	79.51	83.6	0.6602
DSM_0005007508	86.04	88.54	86.21	88.91	0.6603
DSM_0335977996	70.57	74.31	77.4	81.93	0.6613
DSM_0406906733	85.6	88.62	79.62	83.38	0.6615
DSM_0442055009	82.62	85.72	81.73	85.7	0.6636
DSM_0435247585	76.02	79.41	72.82	76.98	0.6665
DSM_0087941161	87.6	90.06	82.81	86.04	0.6681
DSM_0055050313	78.88	84.25	81.57	86.14	0.6693
DSM_0380481841	91.15	93.19	71.82	76.79	0.6704
DSM_0284284996	85.17	88.35	90.28	93.21	0.672
DSM_0165721491	84.09	87.21	79.63	83.82	0.6724
DSM_0400188643	77.65	81.08	72.59	76.75	0.6735
DSM_0346189148	83.92	86.81	72.77	76.72	0.6761
DSM_0232831138	72.6	75.66	86.65	88.83	0.6772
DSM_0291337827	88.8	92.45	88.1	92.03	0.6804
DSM_0004544914	82.48	85.77	71.6	75.17	0.6805
DSM_0039810892	90.91	93.29	85.48	88.15	0.6808
DSM_0270636334	89.51	92.42	90.26	92.97	0.6809
DSM_0438646956	78.15	81.63	81.99	85.42	0.6824
DSM_0359126704	81.16	83.61	70.51	74.26	0.6825
DSM_0162103041	82.71	86.06	84.75	88.37	0.6839
DSM_0372655618	78.86	82.55	78.93	83.04	0.6841
DSM_0320555285	72.1	76.05	75.55	79.71	0.6863
DSM_0036321837	75.35	77.33	79.87	81.17	0.6866
DSM_0097729550	76.23	79.37	82.98	85.88	0.6872
DSM_0375842559	86.2	89.08	83.42	87.67	0.6876
DSM_0208173588	80.65	83.98	66.54	70.45	0.6877
DSM_0346544056	83.34	85.86	67.94	69.41	0.6892
DSM_0052149078	89.55	92.52	76.31	80.44	0.6894
DSM_0354618721	91.25	94.23	86.68	91.46	0.69
DSM_0048622489	81.39	84.14	87.53	89.31	0.6902
DSM_0129130791	87.88	90.68	80.07	84.23	0.6903
DSM_0382489958	88.51	91.75	69.02	71.97	0.6913
DSM_0442145479	80.49	83.93	80.43	82.03	0.6933
DSM_0483853679	80.95	84.43	76.32	78.38	0.6969
DSM_0314106901	88.49	91.16	83.37	87.35	0.6973
DSM_0028593049	85.18	88.7	86.56	89.92	0.6975
DSM_0295431452	88.73	91.31	77.08	81.22	0.6988
DSM_0102644657	77.36	80.06	80.5	83.93	0.6989
DSM_0127420927	84.63	88.02	77.93	81.82	0.6993
DSM_0013732058	74.25	77.75	81.81	84.71	0.6999
DSM_0359149960	84.78	88.39	89.54	93.02	0.7014
DSM_0072408587	72.39	76.7	89.99	94.37	0.7019
DSM_0141595175	80.52	83.33	76.32	79.62	0.7025
DSM_0057474898	72.88	76.16	84.88	87.08	0.7029
DSM_0035525380	72.52	76.19	72.8	75.38	0.7042
DSM_0290887275	84.24	87.49	84.36	88.09	0.7043
DSM_0041297635	91.04	93.81	84.95	88.66	0.7045
DSM_0059888129	81.65	84.28	76.61	79.81	0.7052
DSM_0052969961	73.66	77.54	78.09	82.66	0.7054
DSM_0229501202	81.03	84.76	82.46	85.9	0.7055
DSM_0344943770	79.71	82.95	79.93	84.33	0.7073
DSM_0075240814	86.65	89.21	81.83	84.97	0.7075
DSM_0267259442	94.06	96.02	90.92	93.58	0.7079
DSM_0305776841	84.76	88.22	76.57	81.07	0.709
DSM_0241248105	87.93	90.68	79.4	83.33	0.7092
DSM_0461751268	81.35	85.38	87.15	90.86	0.7112
DSM_0024926871	80.06	83.61	74	78.85	0.7135
DSM_0225302558	70.95	74.53	72.08	75.85	0.7158
DSM_0017598392	86.57	89.2	72.59	76.65	0.7163
DSM_0307538845	86.18	89.38	77.08	80.71	0.7167
DSM_0208854511	77.42	80.28	75	77.93	0.7168
DSM_0112199041	79.54	82.96	69.22	73.46	0.7179
DSM_0045304683	90.67	93.58	91.21	94.24	0.7183
DSM_0431936300	85.03	87.78	76.96	81.18	0.7183
DSM_0396149198	70.95	74.75	81.86	85.55	0.7189
DSM_0167629031	90.7	93.27	90.5	93.61	0.7192
DSM_0030044202	89.81	92.31	79.69	84.27	0.7197
DSM_0160648382	77.86	81.09	82	85.86	0.72
DSM_0321829117	88.14	90.99	78.81	80.99	0.7212
DSM_0461797601	84.89	87.6	82.61	85.51	0.7214
DSM_0371835291	72.9	77.07	77.83	82.04	0.7216
DSM_0440917053	74.69	78.08	65.75	69.47	0.7233
DSM_0451423592	79.03	82.17	68.1	72.4	0.7243
DSM_0133314203	79.3	82.53	82.91	85.38	0.7246
DSM_0184565569	88.15	91.38	83.24	88.01	0.7272
DSM_0207703559	83.96	86.88	73.35	75.64	0.7279
DSM_0001482504	72.48	76.27	68.5	72.61	0.728
DSM_0351697830	76.34	79.41	76.85	78.53	0.7281
DSM_0181248419	87.53	90.66	76.94	80.07	0.7286
DSM_0069802811	85.96	89.05	84.31	88.09	0.7295
DSM_0174490654	73.73	77.03	71.55	75.35	0.7304
DSM_0495587606	81.32	83.88	75.79	77.77	0.731
DSM_0419869830	72.89	76.37	84.15	87.96	0.7315
DSM_0159132986	92.05	94.73	90.61	94.15	0.7318
DSM_0254540578	71.59	74.67	78.07	81.47	0.7325
DSM_0390683917	84.27	88.24	82.57	86.44	0.7333
DSM_0159020254	77.31	79.93	67.12	70.4	0.7333
DSM_0089155975	82.01	86.08	83.54	87.85	0.7334
DSM_0260291274	77.9	80.94	78.42	82.89	0.7336
DSM_0389370864	89.64	92.8	77.68	82.11	0.7339
DSM_0390517748	83.03	86.06	80.44	83.42	0.7343
DSM_0314137726	70.62	73.58	75.9	78.79	0.7369
DSM_0110665045	73.05	76.06	80.22	83.42	0.737
DSM_0326515508	91.05	93.48	84.77	88.56	0.7378
DSM_0164452025	86.86	89.84	77.29	80.64	0.7383
DSM_0022813996	82.96	86.35	70.39	73.77	0.7394
DSM_0404295232	82.86	85.63	74.05	77.54	0.7394
DSM_0368761248	80.72	84.04	85.33	88.34	0.7413
DSM_0383602333	73.7	77.35	94.47	96.95	0.7413
DSM_0342714616	82.35	84.72	84.9	87.83	0.7417
DSM_0391482784	73.14	76.19	82.94	86.34	0.7418
DSM_0396860807	75.92	79.57	75.76	78.74	0.7419
DSM_0125026459	74.88	78.06	73.41	76.24	0.7426
DSM_0405002690	78.89	83.13	78.36	82.75	0.7427
DSM_0054273055	72.55	75.96	74.34	77.67	0.7428
DSM_0501868281	70.33	73.26	76.7	79.67	0.7436
DSM_0193673597	71.49	75.6	81.11	85.52	0.7442
DSM_0207801900	76.2	79.52	74.25	76.6	0.7443
DSM_0238365811	83.37	85.97	78.16	81.02	0.7482
DSM_0252748755	83.59	86.12	86.73	89.17	0.7489
DSM_0433477275	78.95	82.01	79.59	82.91	0.7501
DSM_0372757329	71.01	74.48	81.6	85.26	0.7506
DSM_0257070007	80.92	83.84	65.99	71.06	0.7511
DSM_0080399623	91.07	93.48	81.76	85.55	0.7522
DSM_0253469798	89.16	91.68	89.09	91.61	0.7523
DSM_0485780400	84.85	87.58	88.78	91.76	0.7525
DSM_0004485950	71.82	75.5	72.19	76.18	0.7528
DSM_0163081355	81.56	84.82	91.93	94.83	0.7532
DSM_0423298092	77.6	80.65	81.01	84.44	0.7542
DSM_0227816138	79.26	82.81	82.1	84.17	0.755
DSM_0061314460	78.82	82.84	83.57	87.25	0.755
DSM_0220958736	77.97	80.72	69.91	72.82	0.7552
DSM_0463870566	85.29	88.65	78.94	82.15	0.7558
DSM_0169776728	75.67	79.21	87.49	90.05	0.7561
DSM_0499649772	84.66	88.18	77.47	82	0.7568
DSM_0406086058	75.12	80.38	87.05	91.01	0.7573
DSM_0165824791	70.46	72.78	74.74	76.62	0.7586
DSM_0377581406	90.14	92.81	92.72	94.98	0.7587
DSM_0458314594	80.87	80.46	76.23	76.43	0.7593
DSM_0460127489	85.64	88.83	84.64	87.63	0.7597
DSM_0066891202	71.38	75.27	81.86	85.4	0.7603
DSM_0160349320	75.03	78.14	85.16	88.39	0.7603
DSM_0501422832	91.56	94.04	85.16	88.36	0.7604
DSM_0131988982	86.53	89.54	80.37	84.18	0.7608
DSM_0306873373	72.89	75.39	79.33	82.42	0.7608
DSM_0056337524	77.45	82.34	76.89	80.58	0.7612
DSM_0406245536	74.06	76.41	73.68	76.64	0.7614
DSM_0014177138	85.12	87.74	82.22	85.49	0.7617
DSM_0460788415	84.4	87.66	88.99	92.55	0.7623
DSM_0155136028	72.01	75.55	71.33	75.77	0.7626
DSM_0081043522	89.62	92.42	84.74	88.72	0.7639
DSM_0243068218	78.53	81.82	76.81	79.33	0.7643
DSM_0195461941	72.92	75.7	85.89	88.16	0.7643
DSM_0395351574	86.01	89.57	79.8	83.8	0.7649
DSM_0381116572	75.65	80.37	74.61	77.93	0.7652
DSM_0345881976	89.68	92.16	90.95	93.2	0.7665
DSM_0054763980	82.2	87.02	89.32	93.4	0.7686
DSM_0271919283	88.8	91.9	86.14	89.91	0.7693
DSM_0081302072	87.63	90.9	80.6	84.65	0.7694
DSM_0379960882	92.29	94.86	78.68	82.21	0.7697
DSM_0269955856	83.88	86.82	86.62	90.16	0.7698
DSM_0092527602	79.85	83.34	86.14	88.97	0.7699
DSM_0278589012	81.26	84.3	78.69	82.46	0.7702
DSM_0150056832	79.81	82.58	68.39	72.17	0.7705
DSM_0283847162	88.34	92.43	80.01	84.63	0.7708
DSM_0486841439	74.62	77.04	82.58	85.45	0.771
DSM_0275771240	83.96	87.33	69.41	73.38	0.7712
DSM_0492434628	74.46	76.9	77.17	78.99	0.7731
DSM_0083471519	84.65	86.88	81.22	84.24	0.7737
DSM_0486593882	75.43	78.79	81.43	84.33	0.7744
DSM_0416309893	74.21	77.68	85.47	85.86	0.7746
DSM_0376543576	71.3	74.38	94.07	96.4	0.7756
DSM_0289065578	91.69	94.59	82.96	87.06	0.7759
DSM_0235309095	84.98	87.89	75.85	78.64	0.7767
DSM_0440859906	76.79	81.65	91.21	94.84	0.7768
DSM_0198070306	79.74	82.8	71.62	75.14	0.7775
DSM_0380938562	71.18	75	86.7	90.3	0.7779
DSM_0112625527	77.2	79.37	83.92	86.34	0.778
DSM_0430666663	73.16	77.17	89.61	92.69	0.7787
DSM_0233163067	86.6	89.31	79.17	82.75	0.7795
DSM_0423805687	86.12	89.25	81.22	84.39	0.7801
DSM_0172560574	84.45	87.33	78.04	81.06	0.7805
DSM_0372925824	81.53	84.35	79.11	81.31	0.7806
DSM_0081080332	78.24	81.56	92.37	94.26	0.7806
DSM_0081122691	88.05	90.33	87.24	89.26	0.7816
DSM_0383658868	84.78	87.09	73.53	76.13	0.7825
DSM_0163529117	88.21	91.43	60.5	64.22	0.7832
DSM_0404671136	82.27	85.22	77.69	80.45	0.7837
DSM_0199026021	80.79	84.36	83	85.78	0.7838
DSM_0420633789	77.25	82.74	74.24	78.34	0.7845
DSM_0156701884	87.79	90.16	88.03	90.47	0.7852
DSM_0049152550	85.63	88.78	73.86	77.9	0.7855
DSM_0271592203	89.71	92.28	81.77	85.84	0.7862
DSM_0249718973	89.79	92.44	73.43	75.89	0.7862
DSM_0237662543	81.96	85.04	69.9	74.24	0.7863
DSM_0100544781	71.64	74.98	68.07	71.72	0.7863
DSM_0290918836	77.01	80.67	61.87	65.83	0.7888
DSM_0203991546	72.87	76.58	72.04	75.58	0.7889
DSM_0316847562	89.64	92.54	78.97	83.73	0.7892
DSM_0205997103	82.99	85.92	84.73	87.55	0.7903
DSM_0472979494	80.93	84.05	79.56	82.8	0.7903
DSM_0194456427	85.63	89.64	82.61	86.56	0.7908
DSM_0199634978	89.25	92.2	84.64	89.21	0.791
DSM_0445459012	84.68	86.77	82.63	84.2	0.792
DSM_0016201329	77.71	80.78	82.63	85.82	0.7921
DSM_0300404092	75.31	78.39	70.34	73.69	0.7922
DSM_0453565612	85.38	88.51	73.05	76.51	0.7935
DSM_0302792320	90.44	93.34	83.85	87.52	0.7935
DSM_0123522444	94.4	96.03	67.43	70.9	0.7939
DSM_0055803156	70.84	73.37	81.68	84.58	0.7942
DSM_0456373411	89.88	92.75	92.14	95.21	0.795
DSM_0182868759	81.01	85.16	81.37	85.16	0.7959
DSM_0309874338	87.23	89.89	89.28	91.16	0.7963
DSM_0187857692	70.85	75.15	75.37	78.36	0.7968
DSM_0298482319	82.77	85.71	78.86	81.61	0.7975
DSM_0498093163	78.47	81.06	76.81	78.96	0.7987
DSM_0388832606	71.25	74.26	62.27	64.81	0.7991
DSM_0358577615	83.45	88.33	87.51	91.9	0.7992
DSM_0322705780	85.81	88.46	86.63	88.14	0.7996
DSM_0310024521	75.08	79.11	83.24	85.55	0.8
DSM_0263958575	83.4	86.62	83.63	85.39	0.801
DSM_0146348335	74.67	77.23	83.91	86.43	0.8014
DSM_0248740564	76.48	80.97	85.99	89.71	0.8023
DSM_0360214850	86.44	89.81	72.27	76.37	0.8027
DSM_0014909340	70.68	75.55	94.09	97.1	0.8028
DSM_0219626127	88.32	91.17	80.9	84.96	0.8037
DSM_0284281565	74.89	78.23	79.33	81.75	0.8039
DSM_0449422532	77.06	80.86	82.69	86.67	0.8042
DSM_0378746041	86.97	89.61	87.42	89.86	0.8052
DSM_0239251756	91.07	94.12	83.29	87.99	0.8053
DSM_0155827295	86.78	89.52	78.82	82.07	0.806
DSM_0435513685	86.21	89.34	80.71	85.03	0.8062
DSM_0413195274	83.92	87.69	79.11	81.66	0.8066
DSM_0082171597	71.09	74.84	84.12	87.46	0.807
DSM_0460122782	72.29	75.97	71.11	75.26	0.8076
DSM_0317438040	80.14	83.19	73.18	76.98	0.8081
DSM_0101125456	87.87	90.45	86.24	89.33	0.8081
DSM_0401973249	90.79	93.27	88.25	91.44	0.8084
DSM_0367189184	74.8	78.14	80.9	84.41	0.8095
DSM_0189312127	85.31	88.27	86.84	90.38	0.8099
DSM_0366899366	79.59	84.15	84.48	88.54	0.8115
DSM_0138979384	78.19	81.12	87.78	90.69	0.8126
DSM_0031595290	85.46	88.5	80.68	83.04	0.8133
DSM_0465572409	83.5	87.19	75.07	78.72	0.8133
DSM_0436115957	81.81	85.53	86.81	89.83	0.8137
DSM_0308812699	75.7	79.35	66.58	70.66	0.8144
DSM_0240702706	79.55	82.63	82.15	85.54	0.8145
DSM_0230702579	77.07	79.76	85.5	88.62	0.8153
DSM_0047407343	79.8	82.63	76.07	79.3	0.8154
DSM_0189930324	79.05	84.94	81.57	86.29	0.8167
DSM_0239015319	75.39	80.12	85.1	88.45	0.818
DSM_0003465549	80.53	83.13	79.72	81.95	0.8183
DSM_0322157549	73.04	77.27	86.19	89.39	0.819
DSM_0405849235	82.52	85.3	73.39	77.5	0.8196
DSM_0156095076	77.82	81.74	89.59	92.31	0.8198
DSM_0213457555	76.9	80.36	81.61	84.55	0.8198
DSM_0235031386	92.41	94.75	89	92.39	0.8209
DSM_0364135034	72.23	75.88	88.55	91.76	0.8215
DSM_0197414098	82.76	87.03	76.6	81.38	0.822
DSM_0121610737	83.65	86.3	80.67	84.55	0.8223
DSM_0025729123	82.62	86.05	83.23	85.89	0.8223
DSM_0083867573	79.81	82.96	89.26	92.18	0.8225
DSM_0306149583	80.17	83.85	79.56	83.06	0.8225
DSM_0355647053	90.2	91.93	84.86	87.67	0.8226
DSM_0279161548	91.39	93.77	83.92	87.17	0.8234
DSM_0324892563	89.06	91.78	81.95	86.09	0.8239
DSM_0016282772	90.8	92.82	83.44	86.39	0.824
DSM_0086865872	85.63	88.41	90.37	93.36	0.8243
DSM_0290742291	87.08	89.77	82.6	84.87	0.8249
DSM_0406271396	83.16	86.55	81.46	85.3	0.8252
DSM_0035503402	79.43	82.71	80.2	83.92	0.8257
DSM_0217399362	86.2	88.9	87.64	90.44	0.826
DSM_0308017346	78.79	81.46	87.2	89.91	0.8266
DSM_0339778393	81.84	85.86	91.7	94.28	0.8266
DSM_0025982096	77.1	80.25	86.54	89.34	0.8267
DSM_0401611610	77.57	80.47	83.55	86.28	0.8268
DSM_0346034104	73.27	76.12	90.88	93.3	0.8269
DSM_0362416293	83.01	85.98	81.37	84.76	0.8277
DSM_0260606263	70.81	74.59	88.32	90.96	0.8282
DSM_0292156293	84.03	87.2	83.97	87.76	0.8286
DSM_0188371360	82.91	85.22	83.12	85.66	0.8292
DSM_0324812887	81.42	84.41	86.62	89.4	0.8294
DSM_0104483497	77.27	81.92	83.04	86.67	0.8297
DSM_0434077554	81.43	84.52	83	86.06	0.8305
DSM_0016542035	75.08	79.14	81.52	85.71	0.8308
DSM_0277354444	86.45	90.01	80.32	84.62	0.8312
DSM_0212749419	71.82	75.68	79.52	82.6	0.8321
DSM_0137726199	75.9	79.04	89.97	92.63	0.8326
DSM_0355336236	72.2	76.9	89.35	92.33	0.8327
DSM_0431938263	85.24	87.71	82.55	86.17	0.833
DSM_0188773911	75.41	79.94	81.05	85.24	0.8332
DSM_0257501630	78.23	83.1	77.69	81.86	0.8334
DSM_0254186247	86.93	89.73	81.57	86.28	0.8339
DSM_0136917831	80.31	84.47	93.23	95.96	0.834
DSM_0187770273	92.38	94.83	77.31	80.64	0.8342
DSM_0418414439	80.65	84.45	90.73	93.81	0.8348
DSM_0440720891	81.9	86.25	83.42	86.84	0.8348
DSM_0116992546	78.98	82.73	91.44	94.19	0.835
DSM_0009554056	71.91	76.58	91.73	95.41	0.835
DSM_0300616779	80.72	84.23	88.66	92.12	0.8352
DSM_0365488033	74.44	79.03	82.61	85.47	0.8352
DSM_0421252142	84.52	87.55	78.47	81.64	0.8356
DSM_0105860742	83.72	86.14	78.59	82.03	0.8358
DSM_0237048617	77.29	80.21	81.02	83.69	0.8364
DSM_0189202400	87.16	89.88	86.35	89.22	0.8365
DSM_0196744560	74.54	78.16	84.84	88.33	0.8376
DSM_0156623560	76.3	80.45	82.69	85.54	0.8378
DSM_0484383334	72.58	76.23	89.34	92	0.8378
DSM_0118413881	83.41	87.82	81.89	86.08	0.8386
DSM_0209232813	79.13	82.86	92.04	93.82	0.8389
DSM_0462545675	76.65	80.19	82.77	86.9	0.8392
DSM_0238217080	82.68	88.08	76.34	81.19	0.8395
DSM_0112266096	94.19	96.03	88.67	91.9	0.8395
DSM_0271696746	77.18	81.32	87.24	89.69	0.8398
DSM_0003053683	83.58	86.72	84.73	87.82	0.8403
DSM_0257559774	75.9	79.33	85.1	89.28	0.8405
DSM_0231700481	87.35	89.55	83.1	86.03	0.8415
DSM_0233987544	81.09	83.6	83.07	86.11	0.8427
DSM_0246255382	73.72	77.63	80.52	84.5	0.8427
DSM_0285208385	73.06	78.59	83.72	87.09	0.8432
DSM_0024296637	72.55	76.15	81.18	83.81	0.8434
DSM_0259970280	76.1	81.9	92.3	96.66	0.8437
DSM_0033984764	77.57	81.63	88.85	92.23	0.8439
DSM_0041947930	79.59	83.37	72.92	76.74	0.8444
DSM_0223907209	86.43	88.47	76.37	77.98	0.8448
DSM_0228239603	70.81	75.24	90.21	93.21	0.845
DSM_0415084974	82.2	85.74	86.45	90.32	0.8451
DSM_0286207701	74.7	78.28	74.31	77.91	0.8454
DSM_0331065365	76.93	80.88	93.29	96.15	0.8456
DSM_0034334136	87.38	90.12	81.39	83.83	0.8464
DSM_0214596778	85.3	87.58	87.01	89.39	0.8467
DSM_0405345229	72.22	76.48	82.12	85.96	0.8469
DSM_0244865574	80.26	83.61	80.41	84.54	0.8472
DSM_0205254872	79.8	83.42	77.38	81.27	0.8476
DSM_0199469732	87.72	90.59	72.14	75.55	0.8476
DSM_0017601697	87.39	90.82	90.18	94.02	0.8484
DSM_0409720143	75.64	80.88	84.83	88.97	0.8499
DSM_0319602095	89.82	91.89	88.08	90.38	0.85
DSM_0007256770	78.62	81.9	95.44	97.51	0.8501
DSM_0202845449	76.61	79.67	79.13	82.47	0.8502
DSM_0076737402	84.76	88.1	80.22	83.61	0.8506
DSM_0460477125	89.79	92.82	85.98	89.69	0.851
DSM_0491240558	72.26	76.86	93.97	96.06	0.8511
DSM_0223026714	84.83	87.52	77.48	80.49	0.852
DSM_0136389985	79.95	83.07	81.02	83.31	0.852
DSM_0117067093	73.66	77.43	85.77	89.22	0.8523
DSM_0039806459	82.99	86.4	85.84	89.01	0.8524
DSM_0108823964	71.52	74.62	87.82	89.83	0.8524
DSM_0469147003	70.51	75.13	78.68	82.73	0.8525
DSM_0437426697	86.76	89.19	76.06	79.56	0.8527
DSM_0316240614	75	79.15	82.06	84.48	0.8531
DSM_0079766689	75.05	79.62	85.72	89.2	0.8532
DSM_0429723239	73.63	77.92	88.45	91.72	0.8533
DSM_0166077436	77.66	80.8	83.91	87.48	0.8533
DSM_0473378715	84.36	87.51	77.59	80.94	0.8533
DSM_0282470421	84.21	88.96	88.89	93.51	0.8534
DSM_0293855514	79.93	84.8	90.69	94.31	0.8538
DSM_0138371979	86.48	89.85	85.98	89.52	0.8542
DSM_0448149784	91.39	93.54	80.03	83.32	0.8544
DSM_0050617384	85.98	88.74	74.84	78.3	0.8545
DSM_0238788718	76.09	81.91	83.6	87.35	0.855
DSM_0001095794	76.28	79.98	84.94	88.47	0.8552
DSM_0186245857	78.25	81.97	82.63	85.77	0.8552
DSM_0061827634	77.46	80.27	79.65	83.61	0.8552
DSM_0346606156	83.23	86.72	80.88	83.57	0.8554
DSM_0412591786	77.47	82.43	86.32	89.05	0.8558
DSM_0154544791	90.13	93.29	86.5	89.75	0.856
DSM_0418145946	88.31	90.4	76.49	80.3	0.8565
DSM_0056744688	76.75	80.66	88.81	92.35	0.8565
DSM_0162544809	81.64	84.88	79.52	82.55	0.8566
DSM_0115619031	72.14	76.27	88	91.03	0.8567
DSM_0072888304	82.41	85.78	83.73	87.29	0.8574
DSM_0177924375	81.05	84.18	88.63	91.02	0.8575
DSM_0178243510	75.85	80.1	87.76	91.21	0.8576
DSM_0213743927	70.44	74.77	84.8	88.25	0.8577
DSM_0416699583	76.78	82.22	81.4	85.83	0.8578
DSM_0485489168	78.42	83.63	81.02	85.21	0.8585
DSM_0301821117	84.88	87.74	75.73	79.61	0.8586
DSM_0202447037	79.74	84.51	87.92	90.95	0.8587
DSM_0407421524	78.63	83.2	89.15	93.45	0.8589
DSM_0332619985	85.6	88.54	83.15	86.62	0.859
DSM_0365215265	81.26	85.88	91.97	94.93	0.8598
DSM_0008286762	88.46	91.43	81.59	85.59	0.8603
DSM_0116294575	71.14	74.4	91.53	94.3	0.861
DSM_0352728662	71.73	77.27	86.11	90.27	0.8611
DSM_0031363628	79	82.92	84.98	88.29	0.8613
DSM_0047570283	81.46	84.54	91.17	94.37	0.8615
DSM_0159850928	74.81	78.43	92.07	94.28	0.8615
DSM_0075289830	81.7	85.14	77.08	80.22	0.8617
DSM_0089635099	79.08	82.36	79.4	83.13	0.8618
DSM_0388107732	88.49	91.02	81.1	84.76	0.8621
DSM_0189342457	77.13	82.59	89.69	94.22	0.8622
DSM_0395585744	80.03	83.58	86.17	90.13	0.8625
DSM_0093722722	77.84	82.46	87.97	91.19	0.8625
DSM_0284640100	85.34	88.25	82.32	85.34	0.8638
DSM_0271142239	70.33	75.07	76.3	80.13	0.8639
DSM_0010799545	74.35	78.57	83.31	87.29	0.8641
DSM_0215420778	83.62	87.08	75.3	79.21	0.8645
DSM_0046700428	80.37	83.45	83.38	86.98	0.8645
DSM_0223711239	83.7	86.57	75.96	79.87	0.8654
DSM_0221774545	77.99	81.11	86.36	89.28	0.866
DSM_0077474484	73.08	76.15	79.9	83.72	0.8669
DSM_0479714166	87.43	90.46	80.13	84.35	0.867
DSM_0360191784	71.95	76.72	84.01	87.96	0.867
DSM_0068216512	82.41	85.46	87.92	90.72	0.8672
DSM_0399252260	86.4	89.41	92.5	94.97	0.8673
DSM_0448246561	88.35	90.95	87.31	89.55	0.8674
DSM_0068655439	75.27	80.21	87.57	91.21	0.8681
DSM_0340318775	89.81	91.99	87.5	90.78	0.8683
DSM_0499740898	75.3	79.29	80.45	83.54	0.8684
DSM_0395707385	79.22	83.4	83.33	86.58	0.8687
DSM_0335380109	78	83.02	85.48	89.45	0.8689
DSM_0357943353	76.57	81.67	90.71	94.22	0.869
DSM_0420346919	78.41	82.28	80.23	83.5	0.8691
DSM_0151808915	91.09	93.45	82.26	85.56	0.8693
DSM_0177561866	90.79	93.11	82.89	85.95	0.8696
DSM_0139083293	71.47	75.74	81.5	84.83	0.8697
DSM_0303491445	72.36	76.62	88.59	91.74	0.8699
DSM_0044665184	93.67	96.06	92.66	95.6	0.8702
DSM_0232964383	78.87	81.6	82.91	85.35	0.8703
DSM_0216916394	73.89	78.56	83.34	87.33	0.8707
DSM_0353613087	88.41	92	90.95	94.87	0.8708
DSM_0251971057	75.43	80.49	78.09	81.54	0.8711
DSM_0212807280	73.67	77.55	81.87	84.93	0.8711
DSM_0129925888	80.23	84.98	90.56	93.97	0.8712
DSM_0448614830	89.05	91.93	85.64	89.08	0.8712
DSM_0167980150	82.69	85.82	80.48	83.31	0.8712
DSM_0498047437	78.67	81.89	79.35	83.31	0.8719
DSM_0492804253	78.57	83.66	86.72	90.59	0.8723
DSM_0023674654	84.67	88.23	80.59	85.21	0.8726
DSM_0409990653	74	78.49	88.15	91.53	0.8726
DSM_0013801373	79.97	82.84	78.74	81.44	0.8726
DSM_0418543699	76.77	81.37	93.02	95.77	0.8727
DSM_0321391486	80.03	84.85	88.83	92.49	0.873
DSM_0076126434	91.24	93.35	86.56	88.98	0.8731
DSM_0380252803	79.46	83.84	90.29	93.12	0.8732
DSM_0392236895	76.16	79.69	84.66	87.96	0.8737
DSM_0353158880	80.01	83.84	83.15	87.96	0.8738
DSM_0151255203	75.97	80.79	84.88	87.6	0.874
DSM_0232762490	77.39	81.27	93.4	95.55	0.8748
DSM_0094090723	77.96	82.34	85.98	89.6	0.8752
DSM_0467497070	81.78	84.82	88.59	90.53	0.8753
DSM_0347381559	86.67	89.16	87.47	89.82	0.8758
DSM_0236197126	87.59	90.79	81.3	85.86	0.8761
DSM_0335165366	76.71	81.49	83.58	86.86	0.8764
DSM_0315411073	84.96	87.93	86.81	88.88	0.8769
DSM_0248048950	75.16	80.54	90.45	94.06	0.877
DSM_0002573797	88.23	90.59	89.6	91.34	0.8773
DSM_0102681694	76.8	81.22	85.76	89.61	0.8773
DSM_0231148957	89.02	91.83	83.2	86.73	0.8773
DSM_0239670120	79.64	82.5	84.15	87.35	0.8778
DSM_0381613271	86.15	89.46	82.66	86.24	0.878
DSM_0416671159	78.53	81.45	88.57	91.46	0.8787
DSM_0459935263	88.33	91.04	81.5	84.61	0.8788
DSM_0301145209	71.84	75.53	91.68	94.25	0.8792
DSM_0458233559	79.22	83.91	90.92	93.23	0.8797
DSM_0173927186	85.23	87.7	89.41	91.63	0.8799
DSM_0338550711	84.88	87.84	92.15	94.17	0.8803
DSM_0001083209	70.07	75.97	87.19	92.01	0.8809
DSM_0281268478	79.85	83.78	84.6	88.25	0.8813
DSM_0397466334	77.91	81.08	88.91	91.88	0.8816
DSM_0026638712	76.31	80.84	87.52	90.79	0.882
DSM_0457472664	74.47	77.72	81.2	83.93	0.8824
DSM_0275906113	75.66	79.23	88.58	91.7	0.8827
DSM_0054503684	89.32	92.49	84.93	88.84	0.8832
DSM_0378506235	74.38	78.38	82.68	85.3	0.8834
DSM_0300003089	75.34	78.67	85.17	86.68	0.8836
DSM_0356489563	84.59	87.49	86.52	89.34	0.8838
DSM_0135855482	81.61	87.02	90.52	94.06	0.8842
DSM_0292159185	73.75	79.06	86.26	90.08	0.8842
DSM_0040202499	82.63	87.85	83.94	89.57	0.8845
DSM_0066723610	89.28	91.71	81.99	85.6	0.885
DSM_0050000474	85.02	88.2	81.35	85.08	0.8865
DSM_0491615920	74.55	77.52	86.38	89.63	0.8867
DSM_0290343699	79.94	83.14	72.35	76.5	0.8868
DSM_0083296782	86.22	89.22	83.85	87.32	0.8874
DSM_0294552345	89.43	93.09	83.95	88.91	0.8874
DSM_0411827099	78.81	82.97	89.48	92.61	0.8875
DSM_0166747857	82.24	85.67	90.84	92.72	0.8877
DSM_0501192530	85.65	88.63	82.71	86.08	0.8878
DSM_0417776618	78.21	82.72	86.83	90.35	0.8882
DSM_0046242302	87.84	92.6	85.59	88.82	0.8883
DSM_0029830997	84.21	86.62	86.74	89.04	0.8887
DSM_0016512279	84.43	87.8	88.08	91.62	0.8891
DSM_0497917512	77.87	81.01	87.25	90.38	0.8896
DSM_0234787382	73.89	78.88	86.03	90.26	0.8896
DSM_0471873810	90.3	93.02	87.64	90.79	0.8897
DSM_0248299699	74.51	79.17	86.07	89.14	0.8897
DSM_0035921638	84.05	87.27	78.3	82.39	0.8898
DSM_0036498847	93.55	95.81	92.28	94.59	0.8898
DSM_0429003964	85.11	88.24	80.44	84.41	0.8899
DSM_0425574413	85.32	88	88.53	91.11	0.8913
DSM_0322999920	80.67	84.09	83.37	86.92	0.8914
DSM_0167025920	72.82	77.33	84.37	87.97	0.8915
DSM_0248890880	78.11	82.79	87.06	90.82	0.8917
DSM_0014443320	71.77	74.62	94.03	96.25	0.8919
DSM_0344721689	87.94	90.46	75.51	79.4	0.8919
DSM_0226309122	73.06	77.81	83.02	86.99	0.8922
DSM_0085051679	86.86	89.74	82.7	85.22	0.8924
DSM_0076432232	86.53	88.01	84.79	86.62	0.8924
DSM_0374865103	82.18	87.2	89.44	92.86	0.893
DSM_0327879474	81.74	84.7	83.47	86.48	0.8933
DSM_0010197975	86.17	88.81	87.25	90.2	0.8935
DSM_0064294372	80.2	85.46	93.49	96.33	0.8936
DSM_0176120578	91.31	94.19	86.9	90.83	0.8937
DSM_0302350574	83.95	89.86	86.49	91.3	0.8938
DSM_0407942391	71.55	74.88	78.87	82.73	0.8939
DSM_0314985521	83.55	85.34	73.78	76.03	0.8941
DSM_0301075159	82.02	84.38	75	77.74	0.8941
DSM_0136376223	89.89	92.79	85.96	89.59	0.8942
DSM_0168052864	87.19	90.91	84.7	88.1	0.8946
DSM_0318895924	83.76	86.31	84.91	87.45	0.8946
DSM_0301318735	78.3	82.15	89.12	91.63	0.8951
DSM_0352959432	85.75	88.78	91.36	93.9	0.8953
DSM_0223774591	70.88	76.56	86.79	91.57	0.8954
DSM_0220349824	78	83.65	86.93	91.52	0.8957
DSM_0199315530	83.34	86.98	93.02	95.23	0.8962
DSM_0105403978	76.19	80.8	87.93	92.02	0.8965
DSM_0339505600	73.51	76.82	83.25	86.94	0.8965
DSM_0325077080	87.22	90.33	83.04	86.54	0.8966
DSM_0326976474	83.21	86.39	83.02	85.75	0.8968
DSM_0337136629	86.22	88.52	82.37	85.51	0.8968
DSM_0452799664	86.06	88.49	89.21	90.44	0.8972
DSM_0125703815	75.28	78.6	92.56	95.49	0.8972
DSM_0467260009	82.24	86.08	85.21	88.88	0.8976
DSM_0391512409	79.24	82.59	91.73	94.74	0.8977
DSM_0226667502	73.02	76.93	81.78	84.68	0.8978
DSM_0122079041	80.32	86.05	91.32	95	0.8981
DSM_0326821926	86.09	88.73	88.07	90.39	0.8982
DSM_0457430603	72.08	74.99	85.28	88.19	0.8984
DSM_0025566745	73.95	79.07	93.38	96.37	0.8985
DSM_0122643944	77.42	81.33	88.25	91.75	0.8988
DSM_0110449445	83.13	86.56	89.11	91.81	0.8988
DSM_0281997089	90.45	93.09	83.75	87.33	0.899
DSM_0016563669	78.53	82.4	89.99	92.52	0.8994
DSM_0294985462	90.85	93.31	83.25	87.12	0.8996
DSM_0147151933	89.76	92.6	84.52	88.45	0.8996
DSM_0091609527	76.77	81.83	71.24	75.43	0.8998
DSM_0156262550	76.13	80.71	72.92	76.35	0.9001
DSM_0351282922	86.31	89.44	83.28	87.29	0.9008
DSM_0274639227	89.35	92.28	82.56	86.68	0.9008
DSM_0491571805	77.12	82.25	92.59	95.49	0.9008
DSM_0022429318	76.55	81.03	84.19	87.79	0.901
DSM_0161085348	75.24	78.79	83.81	86.69	0.9011
DSM_0460849896	81.63	84.26	90.25	92.97	0.9013
DSM_0365500458	78.87	81.56	82.67	86.16	0.9016
DSM_0106407331	84.15	87.69	82.8	86.52	0.9016
DSM_0301550586	81.58	84	86.12	87.81	0.9019
DSM_0214827253	79.26	83.73	80.68	84.24	0.902
DSM_0139259865	74.76	79.7	92.92	95.31	0.9024
DSM_0331441894	88.26	91.31	77.77	81.14	0.9028
DSM_0058008263	81.72	85.54	90.92	94.21	0.9033
DSM_0330464180	88.95	91.11	89.55	91.92	0.9035
DSM_0104635413	71.86	77.07	74.33	78.49	0.9035
DSM_0156500214	89.18	92.25	74.54	79.4	0.9036
DSM_0306426097	85.84	90.18	76.46	79.69	0.9038
DSM_0200413819	76	80.87	85.67	88.6	0.9041
DSM_0312363815	80.04	84.85	92.12	95.66	0.9046
DSM_0465750966	81.84	84.91	75.99	79.36	0.905
DSM_0016641004	72.62	77.39	79.26	83.17	0.9051
DSM_0155952978	79.81	82.99	86.16	89.56	0.9054
DSM_0064874350	81.32	84.46	82.7	85.88	0.9056
DSM_0266364453	77.87	83.2	90.97	95.27	0.9059
DSM_0068598638	86.69	90.03	92.04	95.06	0.9061
DSM_0216285922	87.46	90.66	85.09	88.7	0.9062
DSM_0159957183	79.08	84.26	85.84	89.89	0.9063
DSM_0248324855	77.27	82.17	87.73	91.56	0.9066
DSM_0073124489	81.95	84.89	91.51	94.11	0.9067
DSM_0461449170	86.79	89.01	85.86	87.51	0.9069
DSM_0026509000	86.54	89.22	89.83	92.79	0.907
DSM_0223006290	76.02	79.12	92.94	95.57	0.9075
DSM_0499095781	87.76	91.04	79.23	83.48	0.908
DSM_0439778880	83.48	88.08	91.53	94.76	0.9081
DSM_0025143013	83.54	86.88	90.28	93.35	0.9082
DSM_0245603794	78.5	83.21	84.2	88.33	0.9084
DSM_0284007782	80.56	84.73	93.11	96.01	0.9085
DSM_0457702413	82.41	86.75	93.27	95.7	0.909
DSM_0016471755	84.98	88.28	83.47	87.13	0.909
DSM_0221728515	73.41	76.93	83.75	86.59	0.9094
DSM_0409315703	76.82	81.7	89.26	92.37	0.9096
DSM_0165526795	79.62	82.74	79.84	83.29	0.9096
DSM_0230060213	80.48	85.21	91.45	94.1	0.9097
DSM_0323207327	77.75	81.75	90.26	92.9	0.9102
DSM_0496759646	83.67	86.14	87.57	90.03	0.9104
DSM_0326488681	78.38	83.1	90.96	94.25	0.911
DSM_0175981309	78.81	83.52	91.49	94.74	0.9111
DSM_0142036919	76.76	80.64	82.36	85.92	0.9113
DSM_0085817457	78.12	84.1	94.59	97.33	0.9115
DSM_0161212867	83.69	88.48	92.82	95.23	0.9118
DSM_0220506323	82.72	85.29	86.21	89.13	0.9118
DSM_0056324396	79.45	83.41	87.67	90.45	0.912
DSM_0409429565	71.85	76.06	83.44	86.44	0.912
DSM_0336247290	85.32	89.96	78.95	82.14	0.9121
DSM_0245833795	93.22	95.76	85.5	89.07	0.9121
DSM_0199144872	83.77	86.6	84.16	87.74	0.9128
DSM_0482036852	88.17	91.07	88.98	92.27	0.9133
DSM_0409754888	84.48	86.83	84.37	86.44	0.9135
DSM_0267567912	88.26	90.8	71.23	75.04	0.9135
DSM_0119502388	77.1	82.4	87.95	90.65	0.9136
DSM_0152798865	81.9	86.73	90.56	93.62	0.9142
DSM_0083067980	85.04	87.43	86.13	89.52	0.9144
DSM_0343591385	90.15	92.93	89.16	91.83	0.9145
DSM_0339591243	81.19	85.11	84.84	88.34	0.9149
DSM_0315318716	76.52	79.96	89.56	92.17	0.9149
DSM_0205409209	84.5	87.87	81.6	86.1	0.9152
DSM_0368855923	86.76	89.23	90.62	93.49	0.9154
DSM_0062412799	71.81	76.42	86.47	90.33	0.9155
DSM_0023119709	74.91	78.85	81.66	85.3	0.9155
DSM_0224632004	77.67	82.36	90.87	94.22	0.9159
DSM_0009709700	85.93	88.55	81.44	84.45	0.916
DSM_0079981299	77.83	82.96	85.16	89.36	0.9164
DSM_0062097643	82.97	86.92	90.65	93.35	0.9164
DSM_0320409811	88.13	90.88	80.29	84.26	0.9164
DSM_0125634376	86.37	89.45	83.44	87.44	0.9168
DSM_0198802063	91.74	94.43	88.91	92.19	0.9173
DSM_0193174166	80.54	85.28	89.09	92.4	0.9176
DSM_0158674140	89.91	91.71	89.13	90.49	0.9181
DSM_0229473320	90.42	92.44	86.21	89.49	0.9187
DSM_0236628537	70.15	74.76	82.05	85.66	0.9193
DSM_0128299559	82.74	85.84	75.7	79.68	0.9194
DSM_0192667038	73.93	79.57	80.57	85.28	0.9195
DSM_0328294626	88.56	92.27	85.83	89.57	0.9196
DSM_0104991985	91.13	93.95	88.17	91.84	0.9196
DSM_0027819197	85.8	88.83	84.8	88.36	0.9199
DSM_0133604990	84.78	87.84	83.16	86.83	0.9199
DSM_0093950581	88.7	91.38	84.9	87.69	0.9202
DSM_0473554751	78.61	83.6	87	90.04	0.9204
DSM_0465607373	92.47	94.89	85.07	88.91	0.9205
DSM_0028439400	93.26	95.47	85.63	89.26	0.9205
DSM_0398450902	78.67	83.73	81.36	85.28	0.9207
DSM_0400615839	91.41	93.76	89.41	92.5	0.921
DSM_0462672439	91.07	93.49	87.33	90.74	0.9218
DSM_0479642475	90.5	93.17	94.38	96.3	0.9219
DSM_0278122420	86.6	89.65	89.67	92.41	0.922
DSM_0082979977	84.02	87.5	89.97	92.76	0.9222
DSM_0210535194	85.31	88.56	93.87	96.25	0.9224
DSM_0150559326	86.74	89.69	86.33	90.25	0.9226
DSM_0105209973	75.67	81.04	87.03	90.93	0.9227
DSM_0242041537	81.21	85.23	91.12	93.83	0.923
DSM_0008333494	75.22	80.74	86.92	90.96	0.923
DSM_0221914854	92.13	94.27	86.51	89.16	0.9233
DSM_0499484885	90.53	93.71	84.43	88.08	0.9233
DSM_0215888086	75.63	80.1	89.55	93.11	0.9242
DSM_0011965858	83.09	86.93	91.5	94.49	0.9244
DSM_0292276584	74.38	79.96	85.41	89.69	0.9245
DSM_0330826689	76.3	79.39	84.71	87.71	0.9257
DSM_0396819195	86.48	89.74	88.48	91.27	0.9262
DSM_0401998641	75.81	79.55	92.96	95.44	0.9265
DSM_0356328849	90.52	93.44	86.51	89.98	0.9267
DSM_0312861010	79.24	83.48	89.38	91.94	0.9267
DSM_0062530061	79.38	83.28	90.3	93.71	0.9277
DSM_0098676407	79.36	85.02	90.85	94.75	0.9281
DSM_0416280594	72.39	77.05	91.06	94.07	0.9283
DSM_0018539776	90.5	93.15	86.64	89.72	0.9284
DSM_0460696388	89.92	92.66	87.79	91.51	0.9287
DSM_0481707865	87.04	90.13	87.61	90.68	0.9287
DSM_0079392784	82.16	85.29	89.46	92.29	0.9287
DSM_0195404892	80.64	84.63	86.2	90.19	0.9288
DSM_0182471764	82.75	87.76	91.71	94.62	0.9288
DSM_0308528865	91.33	93.8	85.46	88.49	0.929
DSM_0179835049	82.74	87.16	91.42	94	0.929
DSM_0279673681	71.76	76.13	82.66	85.94	0.9291
DSM_0499626582	88.83	91.83	86.19	90.03	0.9298
DSM_0413515558	76.51	82.33	88.88	92.84	0.9299
DSM_0116672515	84.04	87.51	85.48	89.04	0.9299
DSM_0067098608	84.7	88.55	93.15	96.18	0.9301
DSM_0004963506	90.32	92.97	90.1	92.73	0.9305
DSM_0175476350	82.86	86.39	90.45	93.32	0.9306
DSM_0441398186	83.99	87.32	86.51	89.95	0.931
DSM_0081233970	75.96	80.03	84.69	87.79	0.9312
DSM_0250726673	91.58	94.33	86.93	91.24	0.9312
DSM_0270790921	77.51	81.71	94.29	96.4	0.9313
DSM_0190634323	79.89	84.66	86.52	90.8	0.932
DSM_0293071147	84.04	89.07	93.01	95.92	0.9321
DSM_0163998030	76.02	81.07	83.78	88.21	0.9323
DSM_0069257219	87.59	90.48	85.68	89.61	0.933
DSM_0358490875	91.68	93.83	82.11	86.28	0.9332
DSM_0058128091	88.34	91.05	87.95	91.34	0.9333
DSM_0316367678	90.47	93.5	88.86	91.92	0.9333
DSM_0233959761	72.57	77.35	91.92	94.9	0.9334
DSM_0183546887	79.07	84.13	92.56	95.9	0.9336
DSM_0177573792	84.4	86.87	87.29	90.1	0.934
DSM_0470576784	88.16	90.01	89.55	91.47	0.9341
DSM_0436770737	86.53	89.54	84.17	88.5	0.9342
DSM_0223215532	72.26	76.02	73.16	76.98	0.935
DSM_0469134151	77.87	82.46	85.52	88.59	0.9352
DSM_0042650595	73.64	77.75	88.42	91.63	0.9352
DSM_0184532560	88.61	90.85	93.23	95.3	0.9352
DSM_0225935481	87.13	90.94	87.41	91.53	0.9354
DSM_0254827319	75.34	80.07	88.33	92.17	0.9354
DSM_0122858718	88.89	91.87	94.42	97.16	0.9358
DSM_0140468823	75.11	80.23	89.39	92.59	0.9358
DSM_0265497445	78.89	83.1	86.89	90.03	0.936
DSM_0352679332	87.2	90.5	86.08	89.81	0.9361
DSM_0255256572	87.11	89.84	79.53	82.84	0.9361
DSM_0344425551	78.43	84.47	79.24	84.04	0.9361
DSM_0467307955	91.78	94.07	87.58	90.56	0.9362
DSM_0320155713	88.09	91.39	83.11	87.77	0.9363
DSM_0486799700	70.12	75.15	81.56	86.33	0.937
DSM_0179577172	85.3	88.92	95.21	97.41	0.9371
DSM_0104163982	79.24	83.74	91.31	94.25	0.9374
DSM_0398446535	82.85	87.26	87.01	89.87	0.9375
DSM_0364844313	83.59	88.7	84.14	88.69	0.9375
DSM_0479363873	77.17	81.12	87.92	90.05	0.9377
DSM_0161850359	77.23	83.03	89.25	93.25	0.9377
DSM_0243554237	90.73	93.38	81.93	86.04	0.9388
DSM_0141591477	82.8	88.46	81.47	87.42	0.9392
DSM_0383650723	87.68	91.1	92.41	95.7	0.9392
DSM_0264155417	79.65	84.56	91.52	93.87	0.9394
DSM_0206254143	85.65	88.7	76.16	79.68	0.9396
DSM_0020574961	79.03	84.46	89.78	93.81	0.9398
DSM_0136703045	83.38	86.26	86.38	89.81	0.9399
DSM_0359272332	83.24	86.65	89.21	92.11	0.94
DSM_0250492066	89.7	92.03	80.52	83.79	0.9405
DSM_0248783079	82.53	86.01	93.62	95.86	0.9407
DSM_0434206218	77.64	82.41	87.64	90.97	0.9407
DSM_0220068520	80.77	85.59	90.5	93.38	0.9411
DSM_0016107662	90.83	93.53	84.41	88.04	0.9413
DSM_0301545945	77.97	82.38	89.28	92.38	0.9417
DSM_0189923635	84.38	90.04	94.24	97.16	0.9422
DSM_0385844149	83.61	86.91	91.65	94.22	0.9422
DSM_0090878205	79.27	83.96	95.01	97.46	0.9425
DSM_0300338657	84.86	89.9	93.32	96.39	0.9426
DSM_0072348528	93.54	95.89	85.2	89.37	0.9426
DSM_0055105848	76	81.8	81.3	86.74	0.9426
DSM_0452672418	87.19	90.25	90.83	94.12	0.9427
DSM_0382683127	91.16	93.91	90.55	93.11	0.9428
DSM_0438850345	85	89.74	92.87	96.06	0.9431
DSM_0387872974	85.34	89.93	91.36	93.7	0.9434
DSM_0330019251	81.78	85.76	83.4	87.67	0.9434
DSM_0499097811	81.08	86.82	90.36	93.53	0.9434
DSM_0234023664	90.45	92.52	88.09	89.76	0.9437
DSM_0264948951	92.76	95.54	87.99	92.88	0.9442
DSM_0488853294	78.22	81.21	76.54	79.63	0.945
DSM_0500572228	89.74	92.85	88.37	92.12	0.9457
DSM_0060020423	84.77	87.46	92.58	94.43	0.9457
DSM_0265104075	88.19	91.01	84.28	87.87	0.9458
DSM_0093150267	83.44	86.35	93.24	94.9	0.9459
DSM_0062712725	91.1	93.58	88.61	92.01	0.9465
DSM_0459734267	95.32	96.77	86.8	89.11	0.9467
DSM_0415216206	83.53	87.76	91.37	94.66	0.9468
DSM_0259813902	85.99	88.87	92.75	95.31	0.9468
DSM_0290289581	87.05	91.68	93.75	96.92	0.9469
DSM_0248610042	79.68	84.12	88.31	92.07	0.9473
DSM_0055484518	80.63	85.5	88.16	91.65	0.9478
DSM_0048320152	79.68	83.83	93.98	96.5	0.948
DSM_0132797339	84.19	86.92	90.93	93.29	0.9481
DSM_0201260998	72.42	76.38	91.25	93.33	0.9484
DSM_0331036747	88.02	90.6	84.89	88.23	0.9487
DSM_0300865577	78.48	84.25	84.27	87.77	0.9488
DSM_0160041872	80.07	85.47	78.88	83.28	0.9488
DSM_0379622555	81.41	85.81	92.06	94.99	0.949
DSM_0441928604	89.55	92.12	86.62	90.28	0.9491
DSM_0145169167	83	85.98	84.87	88.24	0.9492
DSM_0026158231	83.12	86.74	92.69	95.17	0.9495
DSM_0338798683	83.66	86.96	84.96	88.53	0.9498
DSM_0006859129	75.17	79.97	85.61	89.57	0.9499
DSM_0208276064	78.04	83.69	79.24	83.04	0.9499
DSM_0402183355	71.66	77.94	88.58	92.07	0.95
DSM_0361276752	79.62	84.79	87.18	91.78	0.9501
DSM_0450269393	90.91	94.26	81.65	86.04	0.9502
DSM_0491162074	85.78	88.75	84.96	88.42	0.9503
DSM_0165482984	91.1	93.53	90.77	93.34	0.9503
DSM_0224912658	93.79	95.73	88.56	92.27	0.9504
DSM_0171115094	80.11	84.86	85.07	89.29	0.9506
DSM_0085651325	77.6	82.45	83.24	87.07	0.9506
DSM_0391569033	84.09	87.09	95.16	97.33	0.9507
DSM_0427401527	79.62	85.01	92.08	95.12	0.9509
DSM_0305930569	82.2	85.51	93.61	96.11	0.9511
DSM_0170470109	73.05	77.76	87.33	90.74	0.9511
DSM_0485116053	89.37	92.47	87.94	90.15	0.9512
DSM_0016420467	89.33	92.09	85.14	88.51	0.9512
DSM_0156904997	83.72	87.13	95.71	97.6	0.9517
DSM_0482693556	92.86	94.59	89.74	92.1	0.9518
DSM_0257034914	85.05	88.54	90.4	92.54	0.952
DSM_0288961449	89.39	92.04	84.3	87.43	0.9521
DSM_0024894787	87.4	89.8	86.24	88.92	0.9524
DSM_0201204367	87.54	90.22	85.78	89.56	0.9531
DSM_0282767546	91.64	94.13	89.88	92.77	0.9532
DSM_0501852469	86	88.55	83.46	86.16	0.9533
DSM_0475579298	85.64	89.92	95.37	97.61	0.9534
DSM_0156963759	80.67	86.4	91.27	94.99	0.9536
DSM_0059458070	82.46	86.97	91.94	95.5	0.9538
DSM_0118690665	84.13	89.26	92.49	95.87	0.9539
DSM_0432447160	87.32	91.67	88.68	91.99	0.9542
DSM_0256182836	78.33	83.84	89.64	93.22	0.9545
DSM_0216936243	91.19	93.23	91.99	93.51	0.9547
DSM_0071144764	88.68	91.44	85.73	89.3	0.9548
DSM_0059796008	80	83.11	90.25	93.29	0.955
DSM_0243911976	85.31	91.3	84.2	88.92	0.955
DSM_0348976985	72.91	78.67	88.74	92.6	0.9552
DSM_0027108436	86.21	89.73	87.4	91.52	0.9553
DSM_0188627494	89.42	92.03	89.8	92.26	0.9557
DSM_0406109530	74.23	79.12	82.05	86.22	0.956
DSM_0217431624	80.76	85.1	91.4	93.99	0.9561
DSM_0081548148	88.19	90.75	82.9	86.37	0.9563
DSM_0095880831	89.97	92.87	89.33	92.7	0.9563
DSM_0204287548	91.8	94.12	90.84	92.83	0.9564
DSM_0394710599	81.33	87.11	88.83	94.14	0.9564
DSM_0409307273	88.41	91.27	90.47	93.51	0.9564
DSM_0222856281	77.82	83.79	86.56	91.34	0.9566
DSM_0225610191	87.2	90.76	90.24	92.92	0.9567
DSM_0025710895	89.55	92.24	93.32	95.44	0.9571
DSM_0060142245	79.83	85.36	88.84	92.76	0.9583
DSM_0317562454	77.61	82.14	93.68	95.96	0.9584
DSM_0485164225	80.01	82.9	91.61	93.3	0.9593
DSM_0384406800	87.06	90.06	85.57	88.89	0.9594
DSM_0190208645	91.25	94.14	91.91	94.4	0.9597
DSM_0156414551	77.22	82.74	92.86	95.78	0.9598
DSM_0189558003	85.04	87.79	81.93	85.27	0.9598
DSM_0076345010	88.62	91.19	87.72	90.92	0.9603
DSM_0444957773	82.9	85.53	88.37	91.13	0.9604
DSM_0277007242	91.44	93.43	91.61	93.67	0.9608
DSM_0409459653	90.75	93.6	91.49	94.68	0.9615
DSM_0003702610	90.61	93.41	89.7	93.17	0.9617
DSM_0334973561	90.08	92.96	91.8	94.98	0.9617
DSM_0230869091	86.72	91.58	91.34	94.65	0.9619
DSM_0136405388	82.32	87	89.87	93.03	0.9619
DSM_0113918948	81.79	86.06	93.33	95.24	0.9621
DSM_0135333317	74.27	79.87	84.65	88.95	0.9624
DSM_0347481487	86.47	88.98	79.71	82.86	0.9627
DSM_0313850159	82.19	87.08	92.44	95.45	0.9629
DSM_0135155940	78.13	83.26	87.3	90.92	0.9633
DSM_0277032066	93.1	94.95	85.52	88.71	0.9633
DSM_0411873556	83.97	89.4	91.39	95.27	0.9634
DSM_0158640251	86.4	89.1	89.2	92.6	0.9638
DSM_0154307781	85.47	90.78	79.45	83.84	0.9639
DSM_0263877648	89.99	92.38	91.8	94.15	0.9647
DSM_0036314880	81.5	87.57	88.48	93.59	0.9648
DSM_0421504486	74.43	79.33	87.81	91.69	0.9649
DSM_0449997525	78.4	85.45	89.42	94.11	0.965
DSM_0057501331	84.51	88.01	95.17	97.32	0.9651
DSM_0055968284	84.93	88.42	91.15	94.43	0.9651
DSM_0475505185	88.33	91.08	79.49	83.48	0.966
DSM_0200069968	82.13	86.67	89.67	93.29	0.9662
DSM_0387979029	89.58	92.52	88.13	91.76	0.9662
DSM_0224054440	85.03	90.04	93.26	96.37	0.9664
DSM_0097755681	85.17	90.09	92.47	95.29	0.9668
DSM_0064760513	80.99	85.31	91.7	94.11	0.9672
DSM_0298530344	78	83.11	87.83	91.29	0.9678
DSM_0150832059	93.39	95.8	88.12	91.53	0.968
DSM_0313796489	82.45	86.43	83.57	86.99	0.9681
DSM_0054391088	82.48	85.35	87.47	90.71	0.9683
DSM_0239838373	79.32	83.6	90.22	93.2	0.9685
DSM_0126297937	79.93	85.7	88.99	93.2	0.9688
DSM_0105071174	80.48	84.86	86.8	90.18	0.9689
DSM_0139335615	94.07	96.44	88.5	91.75	0.9689
DSM_0198907271	83.39	86.41	88.72	91.59	0.9691
DSM_0232982037	90.04	93.13	87.71	91.47	0.9694
DSM_0239752262	90.54	93.66	92.15	95.23	0.9695
DSM_0371133252	75.31	80.61	81.79	86.32	0.9696
DSM_0209992140	88.66	91.74	91.03	93.53	0.9702
DSM_0221331017	88.24	91.22	89.63	91.6	0.9704
DSM_0297815775	93.53	96.06	92.01	95.03	0.9707
DSM_0123271304	89.15	92.48	83.69	87.4	0.9707
DSM_0041475195	91.94	94.46	88.18	91.43	0.9709
DSM_0017263835	84.16	86.75	92.55	94.49	0.971
DSM_0431008670	74.24	79.62	78.82	82.47	0.971
DSM_0295868663	87.9	91.36	90.45	93.95	0.9711
DSM_0482617045	92.23	94.67	88.68	91.75	0.9718
DSM_0293528180	79.65	84.45	87.05	90.57	0.9719
DSM_0423266204	88.98	91.49	96.41	97.84	0.9719
DSM_0284814360	84.45	88.21	94.96	96.98	0.9725
DSM_0438606179	87.15	90.58	89.05	92.26	0.9727
DSM_0479350215	85.13	90.15	93.44	96.77	0.9732
DSM_0192295539	92.36	94.72	92.12	94.38	0.9733
DSM_0266571771	93.64	95.61	90.72	93.13	0.9738
DSM_0208074199	93.54	95.66	90.85	93.73	0.9739
DSM_0214034584	83.37	88.25	91.71	95.28	0.974
DSM_0067883129	90.69	93.22	90.32	92.8	0.9742
DSM_0361018246	92.46	95.29	84.16	87.78	0.9743
DSM_0186152885	83.05	88.12	92.64	95.66	0.9748
DSM_0025618742	91.84	94.83	93.77	96.6	0.9749
DSM_0208028258	78.12	82.85	89.61	92.96	0.975
DSM_0474193327	93.28	95.8	89.95	93.08	0.975
DSM_0338829279	92.19	94.79	91.88	94.81	0.9751
DSM_0232921982	89.62	92.58	82.4	86.23	0.9755
DSM_0016076710	88.63	93.27	89.69	93.75	0.9756
DSM_0293283980	93.62	96.08	92.09	94.93	0.9759
DSM_0024534334	85.75	89.99	94.75	96.84	0.976
DSM_0426424840	89.22	92.69	90.28	93.54	0.9763
DSM_0383376977	81.4	86.35	88.3	91.62	0.9764
DSM_0173240467	92.39	94.48	90.24	92.62	0.9765
DSM_0196315259	82.51	86.75	91.87	94.25	0.9767
DSM_0170069623	81.58	85.24	91.21	92.94	0.9767
DSM_0456664182	80.83	85.2	93.92	96.61	0.977
DSM_0353709984	91.33	94	87.42	91.04	0.9779
DSM_0001157878	85.56	90.84	91.23	94.86	0.9785
DSM_0462474625	80.13	85.25	91.86	95.27	0.9785
DSM_0357827789	83.95	88.44	91.05	93.54	0.9785
DSM_0203212778	82.27	87.47	92.81	95.76	0.9785
DSM_0033178194	80.54	85.12	89.47	92.38	0.9791
DSM_0232010614	85.63	90.33	90.28	93.06	0.9791
DSM_0168674088	93.8	95.7	92.92	94.87	0.9793
DSM_0164155337	88.65	91.68	90.88	94	0.9795
DSM_0357166521	90.47	93.39	93.42	95.9	0.9797
DSM_0453734431	87.42	90.38	90.45	93.56	0.9799
DSM_0444237984	83.76	88.96	88.66	92.71	0.9799
DSM_0501786351	79.35	83.44	91.07	93.55	0.9802
DSM_0339284285	92.27	94.6	93.37	95.95	0.9804
DSM_0106815260	92.59	94.48	95.22	96.69	0.9807
DSM_0016368563	85.77	91.17	92.54	96.12	0.9811
DSM_0152672068	91.89	94.4	89.25	92.19	0.9812
DSM_0120852966	84.16	87.92	93.17	95.89	0.9814
DSM_0179021960	77.72	83.86	91.99	95.95	0.9819
DSM_0317078462	91.58	94.12	93.88	95.94	0.9822
DSM_0439800336	86.49	90.93	94.03	96.75	0.9824
DSM_0209366010	84.15	88.83	90.67	94.52	0.9825
DSM_0385207123	84.18	89.33	87.46	92.03	0.9828
DSM_0211849245	94.24	96.17	89.96	92.3	0.9828
DSM_0251187042	90.72	93.55	90.67	94.03	0.9831
DSM_0245564049	85.32	90.65	91.42	95.84	0.9833
DSM_0426421245	80.6	84.56	86.76	90.57	0.9836
DSM_0233826489	90.13	93.14	87.79	91.28	0.9853
DSM_0196488938	88.4	91.47	93.83	95.82	0.9854
DSM_0124478183	88.92	93.56	94.62	97.39	0.9854
DSM_0209813950	81.66	86.68	92.76	95.53	0.9856
DSM_0221463047	92.11	94.49	87.16	90.95	0.986
DSM_0199807614	85.76	90.18	93.01	95.48	0.9863
DSM_0488903373	91.39	94.31	90.82	93.41	0.9865
DSM_0409744489	79.55	84.77	90.36	94.21	0.9865
DSM_0296792091	91.51	94.59	86	90.15	0.9866
DSM_0198560737	80.47	85.32	91.51	94.27	0.9869
DSM_0162583273	83.93	88.52	89.99	93.26	0.9871
DSM_0134196679	77.26	82.88	66.81	70.29	0.9873
DSM_0206354296	82.03	87.16	93.67	96.44	0.9875
DSM_0094210010	79.3	83.54	92.67	94.85	0.9876
DSM_0053762357	96.43	98.13	91.85	94.56	0.9877
DSM_0470816419	84.02	89.46	91.7	95.37	0.9878
DSM_0080722011	85.56	91.31	88.56	93.19	0.9879
DSM_0202680523	88.48	91.32	88.22	91.16	0.9879
DSM_0008318932	94.12	96.13	91.74	94.48	0.9884
DSM_0115688912	80.92	85.96	87.05	91.82	0.9885
DSM_0066810206	92.38	95.31	94.09	96.84	0.9886
DSM_0120406666	80.58	88.84	85.79	91.01	0.9886
DSM_0362367744	88.08	92.18	91.17	94.64	0.9889
DSM_0484907575	82.82	87.44	90.08	93.26	0.9893
DSM_0014447890	78.99	84.69	84.47	88.92	0.9895
DSM_0014403862	92.96	95.22	91.81	94.68	0.9897
DSM_0400321816	84.74	89.45	94.32	96.59	0.9897
DSM_0002825274	93.39	96.08	90.59	93.61	0.9897
DSM_0131023252	84.04	89.44	86.27	90.54	0.99
DSM_0212928625	92.63	95	93.99	96.2	0.9905
DSM_0380063453	92.63	95.49	93.6	95.94	0.9906
DSM_0226951269	84.37	89.27	89.56	92.73	0.9908
DSM_0500547441	86.72	91.37	94.63	97.13	0.9916
DSM_0393767629	73.12	78.14	89	92.55	0.9919
DSM_0348506661	85.35	89.6	93.65	96.22	0.992
DSM_0073570520	88.57	92.79	96.35	98.21	0.9921
DSM_0398191385	87.01	91.44	93.45	96.19	0.9921
DSM_0008221045	86.51	91.07	94.17	96.78	0.9925
DSM_0138498362	84.77	91.85	89.35	94.96	0.9926
DSM_0339058236	94.65	96.94	94.5	97.06	0.9927
DSM_0022863562	86.58	91.79	92.61	96.14	0.9928
DSM_0189639913	91.72	94.4	87.9	91.55	0.993
DSM_0005022994	89.25	93.78	96.05	98.01	0.9931
DSM_0401240785	86.09	91.21	93.6	96.46	0.9933
DSM_0461049145	94.79	96.92	95.94	97.83	0.9939
DSM_0189722747	83.33	88.73	86.84	90.63	0.9939
DSM_0324210904	91.51	94.57	86.29	89.88	0.994
DSM_0015058593	85.31	90.55	91.6	95.73	0.9942
DSM_0132606055	90.49	93	91.82	94.21	0.9943
DSM_0389488726	80.51	86.41	77.27	81.79	0.9945
DSM_0268066745	96.86	98.34	94.24	97.05	0.9948
DSM_0132818643	86.03	91.3	92.88	96.27	0.9949
DSM_0332618403	89.43	94.11	94.36	96.97	0.9957
DSM_0196109216	92.13	95.05	92.54	95.46	0.9958
